"","P_MA","P_Risk","f_technical"
"2010-02-01",NA,NA,NA
"2010-03-01",NA,NA,NA
"2010-04-01",NA,NA,NA
"2010-05-01",NA,NA,NA
"2010-06-01",NA,NA,NA
"2010-07-01",NA,0.476164888243524,NA
"2010-08-01",NA,0.656533910549282,NA
"2010-09-01",NA,0.815620876144682,NA
"2010-10-01",NA,0.545728131375486,NA
"2010-11-01",NA,0.617338627280103,NA
"2010-12-01",0.502311587007308,0.597867979267562,0.550089783137435
"2011-01-01",0.520959321180504,0.85760978054389,0.689284550862197
"2011-02-01",0.535117666323932,0.753142171811974,0.644129919067953
"2011-03-01",0.540426763249665,0.749525800905179,0.644976282077422
"2011-04-01",0.530937867696065,0.457698821001057,0.494318344348561
"2011-05-01",0.522661123238445,0.525323302545313,0.523992212891879
"2011-06-01",0.515121117655158,0.672709785544237,0.593915451599697
"2011-07-01",0.501122370960644,0.544142193650711,0.522632282305678
"2011-08-01",0.486367776255503,0.54320983905426,0.514788807654882
"2011-09-01",0.479426866750753,0.450286192396995,0.464856529573874
"2011-10-01",0.479951366915093,0.800790560045104,0.640370963480099
"2011-11-01",0.483414102770887,0.612252825521798,0.547833464146342
"2011-12-01",0.486725707932357,0.663246134670439,0.574985921301398
"2012-01-01",0.491036310135206,0.595336812407958,0.543186561271582
"2012-02-01",0.493705498438358,0.479983415850729,0.486844457144543
"2012-03-01",0.498108693416202,0.524207432871871,0.511158063144036
"2012-04-01",0.498070482429704,0.792105419677006,0.645087951053355
"2012-05-01",0.496508758134252,0.476506889337123,0.486507823735688
"2012-06-01",0.494502988166755,0.721090620371452,0.607796804269104
"2012-07-01",0.495673010736088,0.478769681877171,0.487221346306629
"2012-08-01",0.498385710662808,0.591923080138602,0.545154395400705
"2012-09-01",0.497072323467574,0.534444232672812,0.515758278070193
"2012-10-01",0.495439012699028,0.760178717185138,0.627808864942083
"2012-11-01",0.493251860128191,0.492934449127264,0.493093154627727
"2012-12-01",0.492066358861267,0.692127783112023,0.592097070986645
"2013-01-01",0.49391302985708,0.545670959527403,0.519791994692241
"2013-02-01",0.49653724529327,0.688650069094847,0.592593657194058
"2013-03-01",0.498934567345444,0.590473241997379,0.544703904671412
"2013-04-01",0.501549536368603,0.846989702046995,0.674269619207799
"2013-05-01",0.50413872224202,0.656709275737499,0.58042399898976
"2013-06-01",0.506393009075132,0.804506520813576,0.655449764944354
"2013-07-01",0.507278485752359,0.502381860180823,0.504830172966591
"2013-08-01",0.507495993971389,0.541651112810441,0.524573553390915
"2013-09-01",0.509372956002868,0.667773870893921,0.588573413448395
"2013-10-01",0.509280924938928,0.759079021206315,0.634179973072622
"2013-11-01",0.50918226819118,0.586068062637047,0.547625165414113
"2013-12-01",0.508275379607676,0.571251926930536,0.539763653269106
"2014-01-01",0.507619883092498,0.748613120885536,0.628116501989017
"2014-02-01",0.510303577620443,0.853331330494216,0.68181745405733
"2014-03-01",0.511543390514986,0.653374071740934,0.58245873112796
"2014-04-01",0.514693867706846,0.504848945467542,0.509771406587194
"2014-05-01",0.513704851704131,0.515797509060045,0.514751180382088
"2014-06-01",0.512752283885928,0.653024997351177,0.582888640618552
"2014-07-01",0.509343410524009,0.724552914228125,0.616948162376067
"2014-08-01",0.507937655990087,0.831508164711399,0.669722910350743
"2014-09-01",0.506337335564222,0.696610793895486,0.601474064729854
"2014-10-01",0.508245597213155,0.659226232922135,0.583735915067645
"2014-11-01",0.508624037323389,0.668041001830157,0.588332519576773
"2014-12-01",0.509823270701765,0.669460541376651,0.589641906039208
"2015-01-01",0.507420770404201,0.693940380722908,0.600680575563555
"2015-02-01",0.507775855061507,0.807278761678928,0.657527308370218
"2015-03-01",0.508028948268093,0.701078604886805,0.604553776577449
"2015-04-01",0.512168902198344,0.59935885506581,0.555763878632077
"2015-05-01",0.510747642072247,0.529983028074241,0.520365335073244
"2015-06-01",0.508339043383174,0.73391667504825,0.621127859215712
"2015-07-01",0.50262310122459,0.525061958526721,0.513842529875655
"2015-08-01",0.50184061664385,0.807337760550253,0.654589188597051
"2015-09-01",0.50791014790642,0.684936332807976,0.596423240357198
"2015-10-01",0.520485738371889,0.730530337108209,0.625508037740049
"2015-11-01",0.533730310792185,0.613567121053896,0.57364871592304
"2015-12-01",0.544023781368024,0.674802190067004,0.609412985717514
"2016-01-01",0.54084778681059,0.860564640357358,0.700706213583974
"2016-02-01",0.535481469389291,0.505534764030931,0.520508116710111
"2016-03-01",0.53351231906091,0.647210390645413,0.590361354853162
"2016-04-01",0.539447702664638,0.585986175827482,0.56271693924606
"2016-05-01",0.558114435844684,0.813184935582586,0.685649685713635
"2016-06-01",0.567529836204726,0.56700179925426,0.567265817729493
"2016-07-01",0.592054836976912,0.674192269773421,0.633123553375167
"2016-08-01",0.601794031596259,0.586514867779735,0.594154449687997
"2016-09-01",0.622339221485778,0.498867597447931,0.560603409466854
"2016-10-01",0.628837022499766,0.681136420917777,0.654986721708771
"2016-11-01",0.658457877344518,0.814621627687598,0.736539752516058
"2016-12-01",0.69402172843877,0.52396269141445,0.60899220992661
"2017-01-01",0.724614825961721,0.710265306618425,0.717440066290073
"2017-02-01",0.711001196031354,0.773787346050978,0.742394271041166
"2017-03-01",0.683129077406541,0.473875882083622,0.578502479745082
"2017-04-01",0.642755073228733,0.67446716786228,0.658611120545507
"2017-05-01",0.676882907131362,0.829911891040052,0.753397399085707
"2017-06-01",0.6968626015778,0.539268626365801,0.618065613971801
"2017-07-01",0.74928743642068,0.532478436936262,0.640882936678471
"2017-08-01",0.746386178823591,0.543557700205096,0.644971939514344
"2017-09-01",0.756681564853388,0.518394756140548,0.637538160496968
"2017-10-01",0.772173096748655,0.537088108080138,0.654630602414396
"2017-11-01",0.778178393207162,0.757929208579919,0.76805380089354
"2017-12-01",0.768148152666171,0.723179378712545,0.745663765689358
"2018-01-01",0.775223849440968,0.807726454162635,0.791475151801801
"2018-02-01",0.784004544740529,0.616580987817302,0.700292766278915
"2018-03-01",0.794237347842077,0.612915049112441,0.703576198477259
"2018-04-01",0.717111744379668,0.52356596953696,0.620338856958314
"2018-05-01",0.688290940908411,0.602109186708667,0.645200063808539
"2018-06-01",0.656061477010512,0.643393975628455,0.649727726319483
"2018-07-01",0.654938365133453,0.571152619085799,0.613045492109626
"2018-08-01",0.656274180592674,0.752061984800532,0.704168082696603
"2018-09-01",0.690000922330454,0.541043591261343,0.615522256795899
"2018-10-01",0.62501256585654,0.800248664665385,0.712630615260962
"2018-11-01",0.406106705005243,0.620446170605054,0.513276437805149
"2018-12-01",0.186302268208658,0.507113146007028,0.346707707107843
"2019-01-01",0.139738136638873,0.59703283035162,0.368385483495246
"2019-02-01",0.152904592965908,0.628506486358659,0.390705539662283
"2019-03-01",0.227292177845654,0.678315207795516,0.452803692820585
"2019-04-01",0.304722405690097,0.452013195219634,0.378367800454865
"2019-05-01",0.32314512367257,0.745924788617874,0.534534956145222
"2019-06-01",0.328279753713297,0.63893413088958,0.483606942301438
"2019-07-01",0.340696167459476,0.413437743035375,0.377066955247425
"2019-08-01",0.459780555420297,0.444353261264534,0.452066908342416
"2019-09-01",0.535189430204856,0.477795666471024,0.50649254833794
"2019-10-01",0.605566968171822,0.596755679397706,0.601161323784764
"2019-11-01",0.674009135777155,0.476196489457906,0.575102812617531
"2019-12-01",0.735606351855225,0.573535526286975,0.6545709390711
"2020-01-01",0.754894812504884,0.689038833887687,0.721966823196285
"2020-02-01",0.790385613185533,0.698823271503341,0.744604442344437
"2020-03-01",0.800217800744779,0.734351400639026,0.767284600691902
"2020-04-01",0.834830474332379,0.535078148848754,0.684954311590566
"2020-05-01",0.866481863155054,0.732083202274673,0.799282532714863
"2020-06-01",0.915863052719755,0.440287774943243,0.678075413831499
"2020-07-01",0.950510747539456,0.46701933076753,0.708765039153493
"2020-08-01",0.97557374464659,0.719085621377223,0.847329683011906
"2020-09-01",0.986151740347152,0.721547382785635,0.853849561566394
"2020-10-01",0.986344113621069,0.694321234233379,0.840332673927224
"2020-11-01",0.974065096959591,0.370423005910685,0.672244051435138
"2020-12-01",0.946473749114435,0.55003308920832,0.748253419161377
"2021-01-01",0.91954202699116,0.493687039212876,0.706614533102018
"2021-02-01",0.876736813852537,0.612014974489305,0.744375894170921
"2021-03-01",0.817331824762427,0.459472767930668,0.638402296346547
"2021-04-01",0.822053362974113,0.720949606694131,0.771501484834122
"2021-05-01",0.853158650373057,0.569605552034776,0.711382101203917
"2021-06-01",0.956878344350994,0.744892040929584,0.850885192640289
"2021-07-01",0.979252402944474,0.619341529283277,0.799296966113875
"2021-08-01",0.994220257385229,0.487661958981554,0.740941108183392
"2021-09-01",0.991743814429916,0.666940135657587,0.829341975043752
"2021-10-01",0.996742016677384,0.574509061525498,0.785625539101441
"2021-11-01",0.99947112806345,0.547187496650101,0.773329312356775
"2021-12-01",0.999885584122653,0.366452497150981,0.683169040636817
"2022-01-01",0.999573559649272,0.401650291599588,0.70061192562443
"2022-02-01",0.983912191779962,0.163788946202871,0.573850568991417
"2022-03-01",0.904406019272864,0.2105490814912,0.557477550382032
"2022-04-01",0.494206211026039,0.454235672812191,0.474220941919115
"2022-05-01",0.106592530332457,0.248961945798307,0.177777238065382
"2022-06-01",0.00314561294033326,0.261091660435395,0.132118636687864
"2022-07-01",0.00309447394954454,0.449168768068416,0.22613162100898
"2022-08-01",0.00172763433236624,0.333647575960908,0.167687605146637
"2022-09-01",0.001291585600057,0.303061157422252,0.152176371511155
"2022-10-01",0.000746468109271786,0.510610918184469,0.255678693146871
"2022-11-01",0.00506791442620823,0.563578366376446,0.284323140401327
"2022-12-01",0.038283548009444,0.440185248517819,0.239234398263631
"2023-01-01",0.309878175229024,0.576705155148779,0.443291665188902
"2023-02-01",0.800933850857316,0.347711163471915,0.574322507164615
"2023-03-01",0.996773771692245,0.304314045317306,0.650543908504775
"2023-04-01",0.999548323896609,0.431964605677405,0.715756464787007
"2023-05-01",0.999982887128569,0.504101917258063,0.752042402193316
"2023-06-01",0.999998701281422,0.252521931802644,0.626260316542033
"2023-07-01",0.999999974835975,0.260118346952561,0.630059160894268
"2023-08-01",0.999999990602564,0.321816803054697,0.66090839682863
"2023-09-01",0.999999914121119,0.348593371434942,0.67429664277803
"2023-10-01",0.999993955244961,0.318158176707679,0.65907606597632
"2023-11-01",0.999828274308117,0.309797714798083,0.6548129945531
"2023-12-01",0.999577662533687,0.238633830914064,0.619105746723876
"2024-01-01",0.999986118970566,0.510925724090909,0.755455921530737
"2024-02-01",0.999999969509728,0.355075917175684,0.677537943342706
"2024-03-01",0.9999999999931,0.0537015594973268,0.526850779745214
"2024-04-01",0.99999999999977,0.107244288393717,0.553622144196743
"2024-05-01",0.999999999999996,0.0371023469024348,0.518551173451216
"2024-06-01",1,0.016937406098311,0.508468703049155
"2024-07-01",1,0.0123929984516544,0.506196499225827
"2024-08-01",1,0.00114585213318535,0.500572926066593
"2024-09-01",0.999999999999989,0.00208545282584823,0.501042726412919
"2024-10-01",0.999999999999878,0.00521567842597801,0.502607839212928
"2024-11-01",0.999999999999541,0.00918059457848972,0.504590297289015
"2024-12-01",0.999999999992618,0.0119974162930752,0.505998708142847
